player_id,player_full_name,first_name,last_name,birth_date,school,country,height_inches,weight_lbs,position_group,draft_year,draft_round,draft_number
1630639,A.J. Lawson,A.J.,Lawson,,,,,,Unknown,,,
1631260,AJ Green,AJ,Green,,,,,,Unknown,,,
1642358,AJ Johnson,AJ,Johnson,,,,,,Unknown,,,
203932,Aaron Gordon,Aaron,Gordon,,,,,,Unknown,,,
1628988,Aaron Holiday,Aaron,Holiday,,,,,,Unknown,,,
1630174,Aaron Nesmith,Aaron,Nesmith,,,,,,Unknown,,,
1630598,Aaron Wiggins,Aaron,Wiggins,,,,,,Unknown,,,
1642846,Ace Bailey,Ace,Bailey,,,,,,Unknown,,,
1641745,Adam Flagler,Adam,Flagler,,Baylor,USA,75.0,180.0,Unknown,,,
1642380,Adama Bal,Adama,Bal,,,,,,Unknown,,,
1641737,Adem Bona,Adem,Bona,,,,,,Unknown,,,
1642876,Adou Thiero,Adou,Thiero,,,,,,Unknown,,,
1642349,Ajay Mitchell,Ajay,Mitchell,,,,,,Unknown,,,
201143,Al Horford,Al,Horford,,,,,,Unknown,,,
1630828,Alex Antetokounmpo,Alex,Antetokounmpo,,,,,,Unknown,,,
1627936,Alex Caruso,Alex,Caruso,,,,,,Unknown,,,
203458,Alex Len,Alex,Len,,Maryland,Ukraine,84.0,250.0,Unknown,2013.0,1.0,5.0
1631457,Alex Morales,Alex,Morales,,,,,,Unknown,,,
1642259,Alex Sarr,Alex,Sarr,,,,,,Unknown,,,
1642893,Alex Toohey,Alex,Toohey,,,,,,Unknown,,,
1642918,Alijah Martin,Alijah,Martin,,,,,,Unknown,,,
1628993,Alize Johnson,Alize,Johnson,,Missouri State,USA,79.0,212.0,Unknown,2018.0,2.0,50.0
1631214,Alondes Williams,Alondes,Williams,,,,,,Unknown,,,
1630578,Alperen Sengun,Alperen,Sengun,,,,,,Unknown,,,
1642873,Amari Williams,Amari,Williams,,,,,,Unknown,,,
1641708,Amen Thompson,Amen,Thompson,,,,,,Unknown,,,
1629599,Amir Coffey,Amir,Coffey,,,,,,Unknown,,,
1643158,Andersson Garcia,Andersson,Garcia,,,,,,Unknown,,,
203083,Andre Drummond,Andre,Drummond,,,,,,Unknown,,,
1641748,Andre Jackson Jr.,Andre,Jackson Jr.,,,,,,Unknown,,,
1629614,Andrew Nembhard,Andrew,Nembhard,,,,,,Unknown,,,
203952,Andrew Wiggins,Andrew,Wiggins,,,,,,Unknown,,,
1629014,Anfernee Simons,Anfernee,Simons,,,,,,Unknown,,,
1641710,Anthony Black,Anthony,Black,,,,,,Unknown,,,
203076,Anthony Davis,Anthony,Davis,,Kentucky,USA,82.0,253.0,Unknown,2012.0,1.0,1.0
1630162,Anthony Edwards,Anthony,Edwards,,,,,,Unknown,,,
1630264,Anthony Gill,Anthony,Gill,,,,,,Unknown,,,
1641817,Anton Watson,Anton,Watson,,Gonzaga,USA,80.0,225.0,Unknown,2024.0,2.0,54.0
1641810,Antonio Reeves,Antonio,Reeves,,,,,,Unknown,,,
1630574,Ariel Hukporti,Ariel,Hukporti,,,,,,Unknown,,,
1642854,Asa Newell,Asa,Newell,,,,,,Unknown,,,
1643051,Augustas Marciulionis,Augustas,Marciulionis,,,,,,Unknown,,,
1641709,Ausar Thompson,Ausar,Thompson,,,,,,Unknown,,,
1630559,Austin Reaves,Austin,Reaves,,,,,,Unknown,,,
1630245,Ayo Dosunmu,Ayo,Dosunmu,,,,,,Unknown,,,
1628389,Bam Adebayo,Bam,Adebayo,,,,,,Unknown,,,
1631248,Baylor Scheierman,Baylor,Scheierman,,,,,,Unknown,,,
1642879,Ben Saraf,Ben,Saraf,,,,,,Unknown,,,
1641767,Ben Sheppard,Ben,Sheppard,,,,,,Unknown,,,
1631097,Bennedict Mathurin,Bennedict,Mathurin,,,,,,Unknown,,,
1643016,Bez Mbeng,Bez,Mbeng,,,,,,Unknown,,,
1641731,Bilal Coulibaly,Bilal,Coulibaly,,,,,,Unknown,,,
202687,Bismack Biyombo,Bismack,Biyombo,,,,,,Unknown,,,
1642396,Blake Hinson,Blake,Hinson,,,,,,Unknown,,,
1631104,Blake Wesley,Blake,Wesley,,,,,,Unknown,,,
1626171,Bobby Portis,Bobby,Portis,,,,,,Unknown,,,
1641752,Bobi Klintman,Bobi,Klintman,,,,,,Unknown,,,
203992,Bogdan Bogdanovic,Bogdan,Bogdanovic,,,,,,Unknown,,,
1630538,Bones Hyland,Bones,Hyland,,,,,,Unknown,,,
203078,Bradley Beal,Bradley,Beal,,Florida,USA,76.0,207.0,Unknown,2012.0,1.0,3.0
1642382,Branden Carlson,Branden,Carlson,,,,,,Unknown,,,
1641764,Brandin Podziemski,Brandin,Podziemski,,,,,,Unknown,,,
1629634,Brandon Clarke,Brandon,Clarke,,,,,,Unknown,,,
1627742,Brandon Ingram,Brandon,Ingram,,,,,,Unknown,,,
1641706,Brandon Miller,Brandon,Miller,,,,,,Unknown,,,
1630314,Brandon Williams,Brandon,Williams,,,,,,Unknown,,,
1630296,Braxton Key,Braxton,Key,,Virginia,USA,80.0,225.0,Unknown,,,
1641729,Brice Sensabaugh,Brice,Sensabaugh,,,,,,Unknown,,,
1642924,Brice Williams,Brice,Williams,,,,,,Unknown,,,
1642355,Bronny James,Bronny,James,,,,,,Unknown,,,
201572,Brook Lopez,Brook,Lopez,,,,,,Unknown,,,
1642964,Brooks Barnhizer,Brooks,Barnhizer,,,,,,Unknown,,,
1628971,Bruce Brown,Bruce,Brown,,,,,,Unknown,,,
1631121,Bryce McGowens,Bryce,McGowens,,,,,,Unknown,,,
1642267,Bub Carrington,Bub,Carrington,,,,,,Unknown,,,
1631205,Buddy Boeheim,Buddy,Boeheim,,,,,,Unknown,,,
1627741,Buddy Hield,Buddy,Hield,,,,,,Unknown,,,
1643047,CJ Huntley,CJ,Huntley,,,,,,Unknown,,,
203468,CJ McCollum,CJ,McCollum,,,,,,Unknown,,,
1630595,Cade Cunningham,Cade,Cunningham,,,,,,Unknown,,,
1631216,Caleb Houstan,Caleb,Houstan,,,,,,Unknown,,,
1631126,Caleb Love,Caleb,Love,,,,,,Unknown,,,
1628997,Caleb Martin,Caleb,Martin,,,,,,Unknown,,,
1642353,Cam Christie,Cam,Christie,,,,,,Unknown,,,
1642285,Cam Spencer,Cam,Spencer,,,,,,Unknown,,,
1630560,Cam Thomas,Cam,Thomas,,,,,,Unknown,,,
1641715,Cam Whitmore,Cam,Whitmore,,,,,,Unknown,,,
1629661,Cameron Johnson,Cameron,Johnson,,,,,,Unknown,,,
1643069,Cameron Matthews,Cameron,Matthews,,,,,,Unknown,,,
1630787,Cameron McGriff,Cameron,McGriff,,Oklahoma State,USA,79.0,220.0,Unknown,,,
1626166,Cameron Payne,Cameron,Payne,,,,,,Unknown,,,
1627747,Caris LeVert,Caris,LeVert,,,,,,Unknown,,,
1642868,Carter Bryant,Carter,Bryant,,,,,,Unknown,,,
1641717,Cason Wallace,Cason,Wallace,,,,,,Unknown,,,
1642907,Cedric Coward,Cedric,Coward,,,,,,Unknown,,,
1643052,Chaney Johnson,Chaney,Johnson,,,,,,Unknown,,,
1629646,Charles Bassey,Charles,Bassey,,,,,,Unknown,,,
1641777,Charles Bediako,Charles,Bediako,,,,,,Unknown,,,
1629718,Charlie Brown Jr.,Charlie,Brown Jr.,,St. Joseph's (PA),USA,78.0,199.0,Unknown,,,
1642404,Chaz Lanier,Chaz,Lanier,,,,,,Unknown,,,
1631096,Chet Holmgren,Chet,Holmgren,,,,,,Unknown,,,
1628449,Chris Boucher,Chris,Boucher,,Oregon,Saint Lucia,81.0,200.0,Unknown,,,
1641753,Chris Livingston,Chris,Livingston,,Kentucky,USA,78.0,220.0,Unknown,2023.0,2.0,58.0
1643024,Chris Manon,Chris,Manon,,,,,,Unknown,,,
101108,Chris Paul,Chris,Paul,,Wake Forest,USA,72.0,175.0,Unknown,2005.0,1.0,4.0
1642959,Chris Youngblood,Chris,Youngblood,,,,,,Unknown,,,
1631128,Christian Braun,Christian,Braun,,,,,,Unknown,,,
1631132,Christian Koloko,Christian,Koloko,,,,,,Unknown,,,
1643104,Christian Shumate,Christian,Shumate,,,,,,Unknown,,,
1642935,Chucky Hepburn,Chucky,Hepburn,,Louisville,USA,72.0,190.0,Unknown,,,
203991,Clint Capela,Clint,Capela,,,,,,Unknown,,,
1629632,Coby White,Coby,White,,,,,,Unknown,,,
1628998,Cody Martin,Cody,Martin,,Nevada,USA,78.0,205.0,Unknown,2019.0,2.0,36.0
1642262,Cody Williams,Cody,Williams,,,,,,Unknown,,,
1641732,Colby Jones,Colby,Jones,,Xavier,USA,78.0,207.0,Unknown,2023.0,2.0,34.0
1630175,Cole Anthony,Cole,Anthony,,,,,,Unknown,,,
1630658,Colin Castleton,Colin,Castleton,,,,,,Unknown,,,
1631221,Collin Gillespie,Collin,Gillespie,,,,,,Unknown,,,
1642867,Collin Murray-Boyles,Collin,Murray-Boyles,,,,,,Unknown,,,
1629012,Collin Sexton,Collin,Sexton,,,,,,Unknown,,,
1642843,Cooper Flagg,Cooper,Flagg,,,,,,Unknown,,,
1630557,Corey Kispert,Corey,Kispert,,,,,,Unknown,,,
1642504,Cormac Ryan,Cormac,Ryan,,,,,,Unknown,,,
1641854,Craig Porter Jr.,Craig,Porter Jr.,,,,,,Unknown,,,
1642938,Curtis Jones,Curtis,Jones,,,,,,Unknown,,,
1626156,D'Angelo Russell,D'Angelo,Russell,,Ohio State,USA,75.0,193.0,Unknown,2015.0,1.0,2.0
1642485,DJ Rodman,DJ,Rodman,,,,,,Unknown,,,
1629610,DaQuan Jeffries,DaQuan,Jeffries,,,,,,Unknown,,,
1641747,DaRon Holmes II,DaRon,Holmes II,,,,,,Unknown,,,
1631342,Daeqwon Plowden,Daeqwon,Plowden,,,,,,Unknown,,,
1643120,Dain Dainja,Dain,Dainja,,,,,,Unknown,,,
1630625,Dalano Banton,Dalano,Banton,,,,,,Unknown,,,
1631207,Dalen Terry,Dalen,Terry,,,,,,Unknown,,,
1642261,Dalton Knecht,Dalton,Knecht,,,,,,Unknown,,,
203081,Damian Lillard,Damian,Lillard,,,,,,Unknown,,,
1641878,Damion Baugh,Damion,Baugh,,TCU,USA,76.0,194.0,Unknown,,,
1629655,Daniel Gafford,Daniel,Gafford,,,,,,Unknown,,,
1642450,Daniss Jenkins,Daniss,Jenkins,,,,,,Unknown,,,
1642874,Danny Wolf,Danny,Wolf,,,,,,Unknown,,,
203957,Dante Exum,Dante,Exum,,Australian Institute of Sport,Australia,77.0,214.0,Unknown,2014.0,1.0,5.0
203967,Dario Saric,Dario,Saric,,Anadolu Efes,Croatia,82.0,225.0,Unknown,2014.0,1.0,12.0
1641727,Dariq Whitehead,Dariq,Whitehead,,,,,,Unknown,,,
1642468,Darius Brown,Darius,Brown,,,,,,Unknown,,,
1629636,Darius Garland,Darius,Garland,,,,,,Unknown,,,
1630561,David Duke Jr.,David,Duke Jr.,,Providence,USA,76.0,204.0,Unknown,,,
1642357,David Jones Garcia,David,Jones Garcia,,,,,,Unknown,,,
1631223,David Roddy,David,Roddy,,,,,,Unknown,,,
1630558,Davion Mitchell,Davion,Mitchell,,,,,,Unknown,,,
1630615,Dawson Garcia,Dawson,Garcia,,,,,,Unknown,,,
1630549,Day'Ron Sharpe,Day'Ron,Sharpe,,,,,,Unknown,,,
1628368,De'Aaron Fox,De'Aaron,Fox,,,,,,Unknown,,,
1629631,De'Andre Hunter,De'Andre,Hunter,,,,,,Unknown,,,
1629001,De'Anthony Melton,De'Anthony,Melton,,,,,,Unknown,,,
201599,DeAndre Jordan,DeAndre,Jordan,,,,,,Unknown,,,
1630610,DeJon Jarreau,DeJon,Jarreau,,,,,,Unknown,,,
201942,DeMar DeRozan,DeMar,DeRozan,,,,,,Unknown,,,
1629731,Dean Wade,Dean,Wade,,,,,,Unknown,,,
1629028,Deandre Ayton,Deandre,Ayton,,,,,,Unknown,,,
1643090,Deivon Smith,Deivon,Smith,,,,,,Unknown,,,
1627749,Dejounte Murray,Dejounte,Murray,,,,,,Unknown,,,
1626153,Delon Wright,Delon,Wright,,Utah,USA,77.0,185.0,Unknown,2015.0,1.0,20.0
1630166,Deni Avdija,Deni,Avdija,,,,,,Unknown,,,
203471,Dennis Schroder,Dennis,Schroder,,,,,,Unknown,,,
1628372,Dennis Smith Jr.,Dennis,Smith Jr.,,North Carolina State,USA,75.0,205.0,Unknown,2017.0,1.0,9.0
1641726,Dereck Lively II,Dereck,Lively II,,,,,,Unknown,,,
1642852,Derik Queen,Derik,Queen,,,,,,Unknown,,,
1627884,Derrick Jones Jr.,Derrick,Jones Jr.,,,,,,Unknown,,,
1628401,Derrick White,Derrick,White,,,,,,Unknown,,,
1630217,Desmond Bane,Desmond,Bane,,,,,,Unknown,,,
1626164,Devin Booker,Devin,Booker,,,,,,Unknown,,,
1642269,Devin Carter,Devin,Carter,,,,,,Unknown,,,
1630170,Devin Vassell,Devin,Vassell,,,,,,Unknown,,,
1641926,Dexter Dennis,Dexter,Dennis,,Texas A&M,USA,77.0,210.0,Unknown,,,
1628415,Dillon Brooks,Dillon,Brooks,,,,,,Unknown,,,
1641794,Dillon Jones,Dillon,Jones,,,,,,Unknown,,,
1627734,Domantas Sabonis,Domantas,Sabonis,,,,,,Unknown,,,
1631230,Dominick Barlow,Dominick,Barlow,,,,,,Unknown,,,
1642270,Donovan Clingan,Donovan,Clingan,,,,,,Unknown,,,
1628378,Donovan Mitchell,Donovan,Mitchell,,,,,,Unknown,,,
1628978,Donte DiVincenzo,Donte,DiVincenzo,,,,,,Unknown,,,
1627827,Dorian Finney-Smith,Dorian,Finney-Smith,,,,,,Unknown,,,
203926,Doug McDermott,Doug,McDermott,,,,,,Unknown,,,
1642962,Drake Powell,Drake,Powell,,,,,,Unknown,,,
203110,Draymond Green,Draymond,Green,,,,,,Unknown,,,
1629234,Drew Eubanks,Drew,Eubanks,,,,,,Unknown,,,
1641809,Drew Peterson,Drew,Peterson,,Southern California,USA,81.0,205.0,Unknown,,,
1631166,Drew Timme,Drew,Timme,,,,,,Unknown,,,
1630696,Dru Smith,Dru,Smith,,,,,,Unknown,,,
1629130,Duncan Robinson,Duncan,Robinson,,,,,,Unknown,,,
1641871,Duop Reath,Duop,Reath,,Louisiana State,South Sudan,81.0,245.0,Unknown,,,
203939,Dwight Powell,Dwight,Powell,,,,,,Unknown,,,
1642928,Dylan Cardwell,Dylan,Cardwell,,,,,,Unknown,,,
1642844,Dylan Harper,Dylan,Harper,,,,,,Unknown,,,
1630700,Dyson Daniels,Dyson,Daniels,,,,,,Unknown,,,
1630604,E.J. Liddell,E.J.,Liddell,,,,,,Unknown,,,
1642856,Egor Demin,Egor,Demin,,,,,,Unknown,,,
1642947,Eli John Ndiaye,Eli John,Ndiaye,,,,,,Unknown,,,
1641989,Elijah Harkless,Elijah,Harkless,,,,,,Unknown,,,
1641801,Emanuel Miller,Emanuel,Miller,,,,,,Unknown,,,
1641734,Emoni Bates,Emoni,Bates,,Eastern Michigan,USA,80.0,202.0,Unknown,2023.0,2.0,49.0
1642402,Enrique Freeman,Enrique,Freeman,,,,,,Unknown,,,
1642915,Eric Dixon,Eric,Dixon,,,,,,Unknown,,,
201569,Eric Gordon,Eric,Gordon,,Indiana,USA,75.0,215.0,Unknown,2008.0,1.0,7.0
1630679,Ethan Thompson,Ethan,Thompson,,,,,,Unknown,,,
1630596,Evan Mobley,Evan,Mobley,,,,,,Unknown,,,
1630855,Fanbo Zeng,Fanbo,Zeng,,,,,,Unknown,,,
1630532,Franz Wagner,Franz,Wagner,,,,,,Unknown,,,
1627832,Fred VanVleet,Fred,VanVleet,,Wichita State,USA,72.0,197.0,Unknown,,,
1641713,GG Jackson,GG,Jackson,,,,,,Unknown,,,
1643019,Gabe Madsen,Gabe,Madsen,,,,,,Unknown,,,
1642440,Gabe McGlothan,Gabe,McGlothan,,,,,,Unknown,,,
1629216,Gabe Vincent,Gabe,Vincent,,,,,,Unknown,,,
202066,Garrett Temple,Garrett,Temple,,,,,,Unknown,,,
1629726,Garrison Mathews,Garrison,Mathews,,Lipscomb,USA,78.0,215.0,Unknown,,,
203914,Gary Harris,Gary,Harris,,,,,,Unknown,,,
1627780,Gary Payton II,Gary,Payton II,,,,,,Unknown,,,
1629018,Gary Trent Jr.,Gary,Trent Jr.,,,,,,Unknown,,,
1627777,Georges Niang,Georges,Niang,,Iowa State,USA,79.0,230.0,Unknown,2016.0,2.0,50.0
203507,Giannis Antetokounmpo,Giannis,Antetokounmpo,,,,,,Unknown,,,
1629048,Goga Bitadze,Goga,Bitadze,,,,,,Unknown,,,
1641711,Gradey Dick,Gradey,Dick,,,,,,Unknown,,,
1641761,Grant Nelson,Grant,Nelson,,,,,,Unknown,,,
1629684,Grant Williams,Grant,Williams,,,,,,Unknown,,,
1628960,Grayson Allen,Grayson,Allen,,,,,,Unknown,,,
1627824,Guerschon Yabusele,Guerschon,Yabusele,,,,,,Unknown,,,
1630611,Gui Santos,Gui,Santos,,,,,,Unknown,,,
1642905,Hansen Yang,Hansen,Yang,,,,,,Unknown,,,
203084,Harrison Barnes,Harrison,Barnes,,,,,,Unknown,,,
1631127,Harrison Ingram,Harrison,Ingram,,,,,,Unknown,,,
1643060,Hayden Gray,Hayden,Gray,,,,,,Unknown,,,
1629312,Haywood Highsmith,Haywood,Highsmith,,,,,,Unknown,,,
1630529,Herbert Jones,Herbert,Jones,,,,,,Unknown,,,
1642864,Hugo Gonzalez,Hugo,Gonzalez,,,,,,Unknown,,,
1630621,Hunter Dickinson,Hunter,Dickinson,,,,,,Unknown,,,
1642282,Hunter Sallis,Hunter,Sallis,,Wake Forest,USA,76.0,185.0,Unknown,,,
1641816,Hunter Tyson,Hunter,Tyson,,,,,,Unknown,,,
1630641,Ibou Badji,Ibou,Badji,,FC Barcelona,Senegal,84.0,240.0,Unknown,,,
1630193,Immanuel Quickley,Immanuel,Quickley,,,,,,Unknown,,,
1642403,Isaac Jones,Isaac,Jones,,,,,,Unknown,,,
1630171,Isaac Okoro,Isaac,Okoro,,,,,,Unknown,,,
1642268,Isaiah Collier,Isaiah,Collier,,,,,,Unknown,,,
1642384,Isaiah Crawford,Isaiah,Crawford,,,,,,Unknown,,,
1628392,Isaiah Hartenstein,Isaiah,Hartenstein,,,,,,Unknown,,,
1630543,Isaiah Jackson,Isaiah,Jackson,,,,,,Unknown,,,
1630198,Isaiah Joe,Isaiah,Joe,,,,,,Unknown,,,
1630587,Isaiah Livers,Isaiah,Livers,,,,,,Unknown,,,
1641815,Isaiah Stevens,Isaiah,Stevens,,,,,,Unknown,,,
1630191,Isaiah Stewart,Isaiah,Stewart,,,,,,Unknown,,,
1627826,Ivica Zubac,Ivica,Zubac,,,,,,Unknown,,,
1631120,JD Davison,JD,Davison,,,,,,Unknown,,,
1629630,Ja Morant,Ja,Morant,,Murray State,USA,74.0,174.0,Unknown,2019.0,1.0,2.0
1642266,Ja'Kobe Walter,Ja'Kobe,Walter,,,,,,Unknown,,,
1631095,Jabari Smith Jr.,Jabari,Smith Jr.,,,,,,Unknown,,,
1631133,Jabari Walker,Jabari,Walker,,,,,,Unknown,,,
1642050,Jackson Rowe,Jackson,Rowe,,Cal State-Fullerton,Canada,79.0,210.0,Unknown,,,
1631210,Jacob Toppin,Jacob,Toppin,,Kentucky,USA,80.0,200.0,Unknown,,,
1630702,Jaden Hardy,Jaden,Hardy,,,,,,Unknown,,,
1631093,Jaden Ivey,Jaden,Ivey,,,,,,Unknown,,,
1630183,Jaden McDaniels,Jaden,McDaniels,,,,,,Unknown,,,
1630531,Jaden Springer,Jaden,Springer,,Tennessee,USA,76.0,202.0,Unknown,2021.0,1.0,28.0
1630256,Jae'Sean Tate,Jae'Sean,Tate,,,,,,Unknown,,,
1642942,Jahmai Mashack,Jahmai,Mashack,,,,,,Unknown,,,
1642443,Jahmir Young,Jahmir,Young,,,,,,Unknown,,,
1643141,Jahmyl Telfort,Jahmyl,Telfort,,-,Canada,79.0,,Unknown,,,
1631170,Jaime Jaquez Jr.,Jaime,Jaquez Jr.,,,,,,Unknown,,,
1631222,Jake LaRavia,Jake,LaRavia,,,,,,Unknown,,,
1627751,Jakob Poeltl,Jakob,Poeltl,,,,,,Unknown,,,
1641779,Jalen Bridges,Jalen,Bridges,,Baylor,USA,80.0,225.0,Unknown,,,
1628973,Jalen Brunson,Jalen,Brunson,,,,,,Unknown,,,
1630622,Jalen Crutcher,Jalen,Crutcher,,Dayton,USA,73.0,175.0,Unknown,,,
1631105,Jalen Duren,Jalen,Duren,,,,,,Unknown,,,
1630224,Jalen Green,Jalen,Green,,,,,,Unknown,,,
1630552,Jalen Johnson,Jalen,Johnson,,,,,,Unknown,,,
1629618,Jalen Pickett,Jalen,Pickett,,,,,,Unknown,,,
1641771,Jalen Slawson,Jalen,Slawson,,,,,,Unknown,,,
1630188,Jalen Smith,Jalen,Smith,,,,,,Unknown,,,
1630591,Jalen Suggs,Jalen,Suggs,,,,,,Unknown,,,
1631114,Jalen Williams,Jalen,Williams,,,,,,Unknown,,,
1630592,Jalen Wilson,Jalen,Wilson,,,,,,Unknown,,,
1631288,Jamal Cain,Jamal,Cain,,,,,,Unknown,,,
1627750,Jamal Murray,Jamal,Murray,,,,,,Unknown,,,
1642347,Jamal Shead,Jamal,Shead,,,,,,Unknown,,,
1631123,Jamaree Bouyea,Jamaree,Bouyea,,,,,,Unknown,,,
1631231,James Akinjo,James,Akinjo,,,,,,Unknown,,,
201935,James Harden,James,Harden,,,,,,Unknown,,,
1630164,James Wiseman,James,Wiseman,,Memphis,USA,83.0,240.0,Unknown,2020.0,1.0,2.0
1642364,Jamir Watkins,Jamir,Watkins,,,,,,Unknown,,,
1642419,Jamison Battle,Jamison,Battle,,,,,,Unknown,,,
1641716,Jarace Walker,Jarace,Walker,,,,,,Unknown,,,
1630215,Jared Butler,Jared,Butler,,Baylor,USA,75.0,193.0,Unknown,2021.0,2.0,40.0
1642272,Jared McCain,Jared,McCain,,,,,,Unknown,,,
1631197,Jared Rhoden,Jared,Rhoden,,Seton Hall,USA,77.0,210.0,Unknown,,,
1628991,Jaren Jackson Jr.,Jaren,Jackson Jr.,,,,,,Unknown,,,
1629020,Jarred Vanderbilt,Jarred,Vanderbilt,,,,,,Unknown,,,
1628386,Jarrett Allen,Jarrett,Allen,,,,,,Unknown,,,
1642859,Jase Richardson,Jase,Richardson,,,,,,Unknown,,,
1630554,Jason Preston,Jason,Preston,,Ohio,USA,75.0,181.0,Unknown,2021.0,2.0,33.0
1642914,Javon Small,Javon,Small,,,,,,Unknown,,,
1631451,Javonte Cooke,Javonte,Cooke,,,,,,Unknown,,,
1629750,Javonte Green,Javonte,Green,,,,,,Unknown,,,
1630606,Javonte Smart,Javonte,Smart,,Louisiana State,USA,76.0,205.0,Unknown,,,
1629637,Jaxson Hayes,Jaxson,Hayes,,,,,,Unknown,,,
1630643,Jay Huff,Jay,Huff,,,,,,Unknown,,,
1627759,Jaylen Brown,Jaylen,Brown,,,,,,Unknown,,,
1641740,Jaylen Clark,Jaylen,Clark,,,,,,Unknown,,,
1642377,Jaylen Wells,Jaylen,Wells,,,,,,Unknown,,,
1631119,Jaylin Williams,Jaylin,Williams,,,,,,Unknown,,,
1642281,Jaylon Tyson,Jaylon,Tyson,,,,,,Unknown,,,
1643257,Jayson Kent,Jayson,Kent,,,,,,Unknown,,,
1628369,Jayson Tatum,Jayson,Tatum,,,,,,Unknown,,,
1641789,Jazian Gortman,Jazian,Gortman,,Overtime Elite,USA,74.0,184.0,Unknown,,,
201145,Jeff Green,Jeff,Green,,,,,,Unknown,,,
203924,Jerami Grant,Jerami,Grant,,,,,,Unknown,,,
1642847,Jeremiah Fears,Jeremiah,Fears,,,,,,Unknown,,,
1630526,Jeremiah Robinson-Earl,Jeremiah,Robinson-Earl,,Villanova,USA,80.0,240.0,Unknown,2021.0,2.0,32.0
1631110,Jeremy Sochan,Jeremy,Sochan,,,,,,Unknown,,,
1630579,Jericho Sims,Jericho,Sims,,,,,,Unknown,,,
1641724,Jett Howard,Jett,Howard,,,,,,Unknown,,,
1628975,Jevon Carter,Jevon,Carter,,,,,,Unknown,,,
202710,Jimmy Butler III,Jimmy,Butler III,,,,,,Unknown,,,
1642866,Joan Beringer,Joan,Beringer,,,,,,Unknown,,,
1629111,Jock Landale,Jock,Landale,,,,,,Unknown,,,
204060,Joe Ingles,Joe,Ingles,,,,,,Unknown,,,
203954,Joel Embiid,Joel,Embiid,,,,,,Unknown,,,
1628381,John Collins,John,Collins,,,,,,Unknown,,,
1629723,John Konchar,John,Konchar,,,,,,Unknown,,,
1642967,John Poulakidas,John,Poulakidas,,,,,,Unknown,,,
1642910,John Tonje,John,Tonje,,,,,,Unknown,,,
1641780,Johni Broome,Johni,Broome,,,,,,Unknown,,,
1642277,Johnny Furphy,Johnny,Furphy,,,,,,Unknown,,,
1630548,Johnny Juzang,Johnny,Juzang,,,,,,Unknown,,,
202685,Jonas Valanciunas,Jonas,Valanciunas,,,,,,Unknown,,,
1628371,Jonathan Isaac,Jonathan,Isaac,,,,,,Unknown,,,
1630228,Jonathan Kuminga,Jonathan,Kuminga,,,,,,Unknown,,,
1642367,Jonathan Mogbo,Jonathan,Mogbo,,,,,,Unknown,,,
203903,Jordan Clarkson,Jordan,Clarkson,,,,,,Unknown,,,
1630692,Jordan Goodwin,Jordan,Goodwin,,,,,,Unknown,,,
1641722,Jordan Hawkins,Jordan,Hawkins,,,,,,Unknown,,,
1629162,Jordan McLaughlin,Jordan,McLaughlin,,,,,,Unknown,,,
1641757,Jordan Miller,Jordan,Miller,,,,,,Unknown,,,
1629673,Jordan Poole,Jordan,Poole,,,,,,Unknown,,,
1641775,Jordan Walsh,Jordan,Walsh,,,,,,Unknown,,,
1630631,Jose Alvarado,Jose,Alvarado,,,,,,Unknown,,,
1630581,Josh Giddey,Josh,Giddey,,,,,,Unknown,,,
1630182,Josh Green,Josh,Green,,,,,,Unknown,,,
1628404,Josh Hart,Josh,Hart,,,,,,Unknown,,,
1631169,Josh Minott,Josh,Minott,,,,,,Unknown,,,
1642490,Josh Oduro,Josh,Oduro,,,,,,Unknown,,,
1629006,Josh Okogie,Josh,Okogie,,,,,,Unknown,,,
201950,Jrue Holiday,Jrue,Holiday,,,,,,Unknown,,,
1631262,Jules Bernard,Jules,Bernard,,UCLA,USA,78.0,210.0,Unknown,,,
1630577,Julian Champagnie,Julian,Champagnie,,,,,,Unknown,,,
1641763,Julian Phillips,Julian,Phillips,,,,,,Unknown,,,
1642882,Julian Reese,Julian,Reese,,,,,,Unknown,,,
1631124,Julian Strawther,Julian,Strawther,,,,,,Unknown,,,
203944,Julius Randle,Julius,Randle,,,,,,Unknown,,,
1630551,Justin Champagnie,Justin,Champagnie,,,,,,Unknown,,,
1642348,Justin Edwards,Justin,Edwards,,,,,,Unknown,,,
1631303,Justin Minaya,Justin,Minaya,,Providence,USA,77.0,205.0,Unknown,,,
203994,Jusuf Nurkic,Jusuf,Nurkic,,,,,,Unknown,,,
1642354,KJ Simpson,KJ,Simpson,,,,,,Unknown,,,
1642955,Kadary Richmond,Kadary,Richmond,,,,,,Unknown,,,
1642880,Kam Jones,Kam,Jones,,,,,,Unknown,,,
1626157,Karl-Anthony Towns,Karl-Anthony,Towns,,,,,,Unknown,,,
1631255,Karlo Matkovic,Karlo,Matkovic,,,,,,Unknown,,,
1642857,Kasparas Jakucionis,Kasparas,Jakucionis,,,,,,Unknown,,,
202695,Kawhi Leonard,Kawhi,Leonard,,,,,,Unknown,,,
1630811,Keaton Wallace,Keaton,Wallace,,,,,,Unknown,,,
1631099,Keegan Murray,Keegan,Murray,,,,,,Unknown,,,
1642276,Kel'el Ware,Kel'el,Ware,,,,,,Unknown,,,
1629640,Keldon Johnson,Keldon,Johnson,,,,,,Unknown,,,
203482,Kelly Olynyk,Kelly,Olynyk,,,,,,Unknown,,,
1626162,Kelly Oubre Jr.,Kelly,Oubre Jr.,,,,,,Unknown,,,
1631112,Kendall Brown,Kendall,Brown,,Baylor,USA,79.0,205.0,Unknown,2022.0,2.0,48.0
1631113,Kennedy Chandler,Kennedy,Chandler,,,,,,Unknown,,,
1629026,Kenrich Williams,Kenrich,Williams,,,,,,Unknown,,,
203484,Kentavious Caldwell-Pope,Kentavious,Caldwell-Pope,,,,,,Unknown,,,
1631165,Keon Ellis,Keon,Ellis,,,,,,Unknown,,,
1642352,Keshad Johnson,Keshad,Johnson,,,,,,Unknown,,,
1642933,Keshon Gilbert,Keshon,Gilbert,,,,,,Unknown,,,
1630556,Kessler Edwards,Kessler,Edwards,,Pepperdine,USA,79.0,203.0,Unknown,2021.0,2.0,44.0
201142,Kevin Durant,Kevin,Durant,,,,,,Unknown,,,
1628989,Kevin Huerter,Kevin,Huerter,,,,,,Unknown,,,
201567,Kevin Love,Kevin,Love,,,,,,Unknown,,,
1641755,Kevin McCullar Jr.,Kevin,McCullar Jr.,,,,,,Unknown,,,
1629645,Kevin Porter Jr.,Kevin,Porter Jr.,,,,,,Unknown,,,
1630284,Kevon Harris,Kevon,Harris,,Stephen F. Austin,USA,77.0,216.0,Unknown,,,
1626172,Kevon Looney,Kevon,Looney,,,,,,Unknown,,,
1641718,Keyonte George,Keyonte,George,,,,,,Unknown,,,
1642863,Khaman Maluach,Khaman,Maluach,,,,,,Unknown,,,
203114,Khris Middleton,Khris,Middleton,,,,,,Unknown,,,
1630165,Killian Hayes,Killian,Hayes,,,,,,Unknown,,,
202691,Klay Thompson,Klay,Thompson,,,,,,Unknown,,,
1641738,Kobe Brown,Kobe,Brown,,,,,,Unknown,,,
1641723,Kobe Bufkin,Kobe,Bufkin,,,,,,Unknown,,,
1642920,Kobe Sanders,Kobe,Sanders,,,,,,Unknown,,,
1642886,Koby Brea,Koby,Brea,,,,,,Unknown,,,
1642851,Kon Knueppel,Kon,Knueppel,,,,,,Unknown,,,
1627739,Kris Dunn,Kris,Dunn,,,,,,Unknown,,,
1631200,Kris Murray,Kris,Murray,,,,,,Unknown,,,
204001,Kristaps Porzingis,Kristaps,Porzingis,,,,,,Unknown,,,
203937,Kyle Anderson,Kyle,Anderson,,,,,,Unknown,,,
1642271,Kyle Filipowski,Kyle,Filipowski,,,,,,Unknown,,,
1628398,Kyle Kuzma,Kyle,Kuzma,,,,,,Unknown,,,
200768,Kyle Lowry,Kyle,Lowry,,,,,,Unknown,,,
1630667,Kyle Mangas,Kyle,Mangas,,,,,,Unknown,,,
202681,Kyrie Irving,Kyrie,Irving,,,,,,Unknown,,,
1642273,Kyshawn George,Kyshawn,George,,,,,,Unknown,,,
1643018,LJ Cryer,LJ,Cryer,,,,,,Unknown,,,
1630163,LaMelo Ball,LaMelo,Ball,,,,,,Unknown,,,
1642950,Lachlan Olbrich,Lachlan,Olbrich,,,,,,Unknown,,,
1642966,Lamont Butler,Lamont,Butler,,,,,,Unknown,,,
1629013,Landry Shamet,Landry,Shamet,,,,,,Unknown,,,
1626204,Larry Nance Jr.,Larry,Nance Jr.,,,,,,Unknown,,,
1628374,Lauri Markkanen,Lauri,Markkanen,,,,,,Unknown,,,
1643133,Lawson Lovering,Lawson,Lovering,,,,,,Unknown,,,
2544,LeBron James,LeBron,James,,,,,,Unknown,,,
1641778,Leaky Black,Leaky,Black,,,,,,Unknown,,,
1631159,Leonard Miller,Leonard,Miller,,,,,,Unknown,,,
1631311,Lester Quinones,Lester,Quinones,,Memphis,USA,76.0,208.0,Unknown,,,
1642862,Liam McNeeley,Liam,McNeeley,,,,,,Unknown,,,
1630322,Lindy Waters III,Lindy,Waters III,,,,,,Unknown,,,
1628366,Lonzo Ball,Lonzo,Ball,,UCLA,USA,78.0,190.0,Unknown,2017.0,1.0,2.0
1631351,Lucas Williamson,Lucas,Williamson,,,,,,Unknown,,,
1629652,Luguentz Dort,Luguentz,Dort,,,,,,Unknown,,,
1629029,Luka Doncic,Luka,Doncic,,,,,,Unknown,,,
1630568,Luka Garza,Luka,Garza,,,,,,Unknown,,,
1628379,Luke Kennard,Luke,Kennard,,,,,,Unknown,,,
1628436,Luke Kornet,Luke,Kornet,,,,,,Unknown,,,
1631247,Luke Travers,Luke,Travers,,Rockingham Flames (Aus.),Australia,79.0,207.0,Unknown,2022.0,2.0,56.0
1630640,MJ Walker,MJ,Walker,,Florida State,USA,77.0,213.0,Unknown,,,
1630644,Mac McClung,Mac,McClung,,,,,,Unknown,,,
1641869,Malachi Smith,Malachi,Smith,,,,,,Unknown,,,
1631103,Malaki Branham,Malaki,Branham,,Ohio State,USA,76.0,180.0,Unknown,2022.0,1.0,20.0
1627763,Malcolm Brogdon,Malcolm,Brogdon,,Virginia,USA,76.0,229.0,Unknown,2016.0,2.0,36.0
1630792,Malcolm Hill,Malcolm,Hill,,Illinois,USA,78.0,220.0,Unknown,,,
1642502,Malevy Leons,Malevy,Leons,,,,,,Unknown,,,
1628370,Malik Monk,Malik,Monk,,,,,,Unknown,,,
1642013,Malik Williams,Malik,Williams,,Louisville,USA,83.0,250.0,Unknown,,,
1630699,MarJon Beauchamp,MarJon,Beauchamp,,,,,,Unknown,,,
1631204,Marcus Sasser,Marcus,Sasser,,,,,,Unknown,,,
203935,Marcus Smart,Marcus,Smart,,,,,,Unknown,,,
1641813,Mark Sears,Mark,Sears,,Alabama,USA,72.0,185.0,Unknown,,,
1631109,Mark Williams,Mark,Williams,,,,,,Unknown,,,
1628365,Markelle Fultz,Markelle,Fultz,,,,,,Unknown,,,
1629716,Marques Bolden,Marques,Bolden,,Duke,USA,82.0,249.0,Unknown,2019.0,,
1628963,Marvin Bagley III,Marvin,Bagley III,,,,,,Unknown,,,
203486,Mason Plumlee,Mason,Plumlee,,,,,,Unknown,,,
1641824,Matas Buzelis,Matas,Buzelis,,,,,,Unknown,,,
1629680,Matisse Thybulle,Matisse,Thybulle,,,,,,Unknown,,,
1630346,Matt Ryan,Matt,Ryan,,Tennessee-Chattanooga,USA,78.0,215.0,Unknown,,,
1642888,Matthew Cleveland,Matthew,Cleveland,,,,,,Unknown,,,
1630546,Max Abmas,Max,Abmas,,,,,,Unknown,,,
1631108,Max Christie,Max,Christie,,,,,,Unknown,,,
1642917,Max Shulga,Max,Shulga,,,,,,Unknown,,,
1629622,Max Strus,Max,Strus,,,,,,Unknown,,,
1628467,Maxi Kleber,Maxi,Kleber,,,,,,Unknown,,,
1642875,Maxime Raynaud,Maxime,Raynaud,,,,,,Unknown,,,
1642877,Micah Peavy,Micah,Peavy,,,,,,Unknown,,,
1630695,Micah Potter,Micah,Potter,,,,,,Unknown,,,
1629008,Michael Porter Jr.,Michael,Porter Jr.,,,,,,Unknown,,,
1628969,Mikal Bridges,Mikal,Bridges,,,,,,Unknown,,,
201144,Mike Conley,Mike,Conley,,,,,,Unknown,,,
1628970,Miles Bridges,Miles,Bridges,,,,,,Unknown,,,
1642939,Miles Kelly,Miles,Kelly,,,,,,Unknown,,,
1630540,Miles McBride,Miles,McBride,,,,,,Unknown,,,
1642046,Miller Kopp,Miller,Kopp,,,,,,Unknown,,,
1629011,Mitchell Robinson,Mitchell,Robinson,,,,,,Unknown,,,
1628964,Mo Bamba,Mo,Bamba,,,,,,Unknown,,,
1642885,Mohamed Diawara,Mohamed,Diawara,,,,,,Unknown,,,
1628420,Monte Morris,Monte,Morris,,Iowa State,USA,74.0,183.0,Unknown,2017.0,2.0,51.0
1629021,Moritz Wagner,Moritz,Wagner,,,,,,Unknown,,,
1629650,Moses Brown,Moses,Brown,,UCLA,USA,86.0,258.0,Unknown,,,
1630541,Moses Moody,Moses,Moody,,,,,,Unknown,,,
1631338,Mouhamadou Gueye,Mouhamadou,Gueye,,,,,,Unknown,,,
1631243,Mouhamed Gueye,Mouhamed,Gueye,,,,,,Unknown,,,
1630619,Moussa Cisse,Moussa,Cisse,,,,,,Unknown,,,
1631217,Moussa Diabate,Moussa,Diabate,,,,,,Unknown,,,
1626167,Myles Turner,Myles,Turner,,,,,,Unknown,,,
1642066,Myron Gardner,Myron,Gardner,,,,,,Unknown,,,
1642368,N'Faly Dante,N'Faly,Dante,,Oregon,Mali,83.0,230.0,Unknown,,,
1641772,Nae'Qwan Tomlin,Nae'Qwan,Tomlin,,,,,,Unknown,,,
1630230,Naji Marshall,Naji,Marshall,,,,,,Unknown,,,
1630207,Nate Hinton,Nate,Hinton,,Houston,USA,77.0,210.0,Unknown,,,
1631466,Nate Williams,Nate,Williams,,,,,,Unknown,,,
1629675,Naz Reid,Naz,Reid,,,,,,Unknown,,,
1629674,Neemias Queta,Neemias,Queta,,,,,,Unknown,,,
1629651,Nic Claxton,Nic,Claxton,,,,,,Unknown,,,
1630208,Nick Richards,Nick,Richards,,,,,,Unknown,,,
1641733,Nick Smith Jr.,Nick,Smith Jr.,,,,,,Unknown,,,
1629638,Nickeil Alexander-Walker,Nickeil,Alexander-Walker,,,,,,Unknown,,,
201587,Nicolas Batum,Nicolas,Batum,,,,,,Unknown,,,
1628502,Nigel Hayes-Davis,Nigel,Hayes-Davis,,Wisconsin,USA,79.0,254.0,Unknown,,,
203999,Nikola Jokic,Nikola,Jokic,,,,,,Unknown,,,
1631107,Nikola Jovic,Nikola,Jovic,,,,,,Unknown,,,
1642260,Nikola Topic,Nikola,Topic,,,,,,Unknown,,,
202696,Nikola Vucevic,Nikola,Vucevic,,,,,,Unknown,,,
1642365,Nikola Đurisic,Nikola,Đurisic,,Mega Basket,Belgium,80.0,214.0,Unknown,2024.0,2.0,43.0
1642363,Nique Clifford,Nique,Clifford,,,,,,Unknown,,,
1642855,Noa Essengue,Noa,Essengue,,-,France,80.0,194.0,Unknown,2025.0,1.0,12.0
1641730,Noah Clowney,Noah,Clowney,,,,,,Unknown,,,
1642869,Noah Penda,Noah,Penda,,,,,,Unknown,,,
1642849,Nolan Traore,Nolan,Traore,,,,,,Unknown,,,
1641807,Norchad Omier,Norchad,Omier,,,,,,Unknown,,,
1626181,Norman Powell,Norman,Powell,,,,,,Unknown,,,
1628384,OG Anunoby,OG,Anunoby,,,,,,Unknown,,,
1630167,Obi Toppin,Obi,Toppin,,,,,,Unknown,,,
1630534,Ochai Agbaji,Ochai,Agbaji,,,,,,Unknown,,,
1630846,Olivier Sarr,Olivier,Sarr,,,,,,Unknown,,,
1641765,Olivier-Maxence Prosper,Olivier-Maxence,Prosper,,,,,,Unknown,,,
1630209,Omer Yurtseven,Omer,Yurtseven,,,,,,Unknown,,,
1630168,Onyeka Okongwu,Onyeka,Okongwu,,,,,,Unknown,,,
1631115,Orlando Robinson,Orlando,Robinson,,Fresno State,USA,82.0,235.0,Unknown,,,
1631131,Oscar Tshiebwe,Oscar,Tshiebwe,,,,,,Unknown,,,
1642345,Oso Ighodaro,Oso,Ighodaro,,,,,,Unknown,,,
1631172,Ousmane Dieng,Ousmane,Dieng,,,,,,Unknown,,,
1629023,P.J. Washington,P.J.,Washington,,,,,,Unknown,,,
1641790,PJ Hall,PJ,Hall,,,,,,Unknown,,,
1642359,Pacome Dadiet,Pacome,Dadiet,,,,,,Unknown,,,
1631094,Paolo Banchero,Paolo,Banchero,,,,,,Unknown,,,
1627783,Pascal Siakam,Pascal,Siakam,,,,,,Unknown,,,
1626192,Pat Connaughton,Pat,Connaughton,,,,,,Unknown,,,
1630311,Pat Spencer,Pat,Spencer,,,,,,Unknown,,,
1631116,Patrick Baldwin Jr.,Patrick,Baldwin Jr.,,,,,,Unknown,,,
1630172,Patrick Williams,Patrick,Williams,,,,,,Unknown,,,
202331,Paul George,Paul,George,,,,,,Unknown,,,
1630194,Paul Reed,Paul,Reed,,,,,,Unknown,,,
1630202,Payton Pritchard,Payton,Pritchard,,,,,,Unknown,,,
1642362,Payton Sandfort,Payton,Sandfort,,,,,,Unknown,,,
1630817,Pedro Bradshaw,Pedro,Bradshaw,,,,,,Unknown,,,
1641796,Pelle Larsson,Pelle,Larsson,,,,,,Unknown,,,
1631250,Pete Nance,Pete,Nance,,,,,,Unknown,,,
1631212,Peyton Watson,Peyton,Watson,,,,,,Unknown,,,
1630762,Phillip Wheeler,Phillip,Wheeler,,Ranney School (NJ),USA,80.0,185.0,Unknown,,,
1630173,Precious Achiuwa,Precious,Achiuwa,,,,,,Unknown,,,
1629656,Quentin Grimes,Quentin,Grimes,,,,,,Unknown,,,
1631245,Quenton Jackson,Quenton,Jackson,,,,,,Unknown,,,
1642366,Quinten Post,Quinten,Post,,,,,,Unknown,,,
1642930,R.J. Davis,R.J.,Davis,,,,,,Unknown,,,
1629628,RJ Barrett,RJ,Barrett,,,,,,Unknown,,,
1642961,RJ Luis Jr.,RJ,Luis Jr.,,,,,,Unknown,,,
1642853,Rasheer Fleming,Rasheer,Fleming,,,,,,Unknown,,,
1642484,RayJ Dennis,RayJ,Dennis,,,,,,Unknown,,,
1641712,Rayan Rupert,Rayan,Rupert,,,,,,Unknown,,,
1641736,Reece Beekman,Reece,Beekman,,Virginia,USA,75.0,190.0,Unknown,,,
1642263,Reed Sheppard,Reed,Sheppard,,,,,,Unknown,,,
1642434,Riley Minix,Riley,Minix,,,,,,Unknown,,,
1642265,Rob Dillingham,Rob,Dillingham,,,,,,Unknown,,,
1629057,Robert Williams III,Robert,Williams III,,,,,,Unknown,,,
1642911,Rocco Zikarsky,Rocco,Zikarsky,,,,,,Unknown,,,
1631199,Ron Harper Jr.,Ron,Harper Jr.,,,,,,Unknown,,,
1641842,Ronald Holland II,Ronald,Holland II,,,,,,Unknown,,,
1626220,Royce O'Neale,Royce,O'Neale,,,,,,Unknown,,,
203497,Rudy Gobert,Rudy,Gobert,,,,,,Unknown,,,
1629060,Rui Hachimura,Rui,Hachimura,,,,,,Unknown,,,
201566,Russell Westbrook,Russell,Westbrook,,,,,,Unknown,,,
1642346,Ryan Dunn,Ryan,Dunn,,,,,,Unknown,,,
1641750,Ryan Kalkbrenner,Ryan,Kalkbrenner,,,,,,Unknown,,,
1642948,Ryan Nembhard,Ryan,Nembhard,,,,,,Unknown,,,
1631157,Ryan Rollins,Ryan,Rollins,,,,,,Unknown,,,
1630180,Saddiq Bey,Saddiq,Bey,,,,,,Unknown,,,
1643148,Saint Thomas,Saint,Thomas,,,,,,Unknown,,,
1630573,Sam Hauser,Sam,Hauser,,,,,,Unknown,,,
1630241,Sam Merrill,Sam,Merrill,,,,,,Unknown,,,
1630572,Sandro Mamukelashvili,Sandro,Mamukelashvili,,,,,,Unknown,,,
1630583,Santi Aldama,Santi,Aldama,,,,,,Unknown,,,
1630703,Scoot Henderson,Scoot,Henderson,,,,,,Unknown,,,
1630567,Scottie Barnes,Scottie,Barnes,,,,,,Unknown,,,
1630590,Scotty Pippen Jr.,Scotty,Pippen Jr.,,,,,,Unknown,,,
1642398,Sean East II,Sean,East II,,,,,,Unknown,,,
1642951,Sean Pedulla,Sean,Pedulla,,,,,,Unknown,,,
203552,Seth Curry,Seth,Curry,,,,,,Unknown,,,
1631101,Shaedon Sharpe,Shaedon,Sharpe,,,,,,Unknown,,,
1628983,Shai Gilgeous-Alexander,Shai,Gilgeous-Alexander,,,,,,Unknown,,,
1630536,Sharife Cooper,Sharife,Cooper,,,,,,Unknown,,,
1631321,Sidy Cissoko,Sidy,Cissoko,,,,,,Unknown,,,
1631323,Simone Fontecchio,Simone,Fontecchio,,,,,,Unknown,,,
1642883,Sion James,Sion,James,,,,,,Unknown,,,
1627746,Skal Labissiere,Skal,Labissiere,,,,,,Unknown,,,
203915,Spencer Dinwiddie,Spencer,Dinwiddie,,Colorado,USA,77.0,215.0,Unknown,2014.0,2.0,38.0
1642461,Spencer Jones,Spencer,Jones,,,,,,Unknown,,,
1630649,Stanley Umude,Stanley,Umude,,,,,,Unknown,,,
201939,Stephen Curry,Stephen,Curry,,,,,,Unknown,,,
1642264,Stephon Castle,Stephon,Castle,,,,,,Unknown,,,
203500,Steven Adams,Steven,Adams,,Pittsburgh,New Zealand,83.0,265.0,Unknown,2013.0,1.0,12.0
1629004,Svi Mykhailiuk,Svi,Mykhailiuk,,,,,,Unknown,,,
204456,T.J. McConnell,T.J.,McConnell,,,,,,Unknown,,,
1643007,Taelon Peter,Taelon,Peter,,,,,,Unknown,,,
1641795,Taevion Kinsey,Taevion,Kinsey,,,,,,Unknown,,,
201959,Taj Gibson,Taj,Gibson,,,,,,Unknown,,,
1642926,Tamar Bates,Tamar,Bates,,Missouri,USA,76.0,195.0,Unknown,,,
1631106,Tari Eason,Tari,Eason,,,,,,Unknown,,,
1627752,Taurean Prince,Taurean,Prince,,,,,,Unknown,,,
1641707,Taylor Hendricks,Taylor,Hendricks,,,,,,Unknown,,,
1629611,Terance Mann,Terance,Mann,,,,,,Unknown,,,
1629056,Terence Davis,Terence,Davis,,Mississippi,USA,76.0,201.0,Unknown,,,
1630545,Terrence Shannon Jr.,Terrence,Shannon Jr.,,,,,,Unknown,,,
1626179,Terry Rozier,Terry,Rozier,,Louisville,USA,73.0,190.0,Unknown,2015.0,1.0,16.0
203648,Thanasis Antetokounmpo,Thanasis,Antetokounmpo,,,,,,Unknown,,,
1628418,Thomas Bryant,Thomas,Bryant,,,,,,Unknown,,,
1642850,Thomas Sorber,Thomas,Sorber,,,,,,Unknown,,,
1642275,Tidjane Salaun,Tidjane,Salaun,,,,,,Unknown,,,
203501,Tim Hardaway Jr.,Tim,Hardaway Jr.,,,,,,Unknown,,,
202699,Tobias Harris,Tobias,Harris,,,,,,Unknown,,,
1643253,Toby Okani,Toby,Okani,,,,,,Unknown,,,
1642449,Tolu Smith,Tolu,Smith,,,,,,Unknown,,,
1628396,Tony Bradley,Tony,Bradley,,,,,,Unknown,,,
1641787,Tosan Evbuomwan,Tosan,Evbuomwan,,,,,,Unknown,,,
1641739,Toumani Camara,Toumani,Camara,,,,,,Unknown,,,
1629027,Trae Young,Trae,Young,,,,,,Unknown,,,
1631218,Trayce Jackson-Davis,Trayce,Jackson-Davis,,,,,,Unknown,,,
1642848,Tre Johnson,Tre,Johnson,,,,,,Unknown,,,
1630200,Tre Jones,Tre,Jones,,,,,,Unknown,,,
1630544,Tre Mann,Tre,Mann,,,,,,Unknown,,,
1630570,Trendon Watford,Trendon,Watford,,,,,,Unknown,,,
1642280,Trentyn Flowers,Trentyn,Flowers,,Adelaide,USA,81.0,185.0,Unknown,,,
1630286,Trevon Scott,Trevon,Scott,,,,,,Unknown,,,
1631211,Trevor Keels,Trevor,Keels,,,,,,Unknown,,,
1641725,Trey Alexander,Trey,Alexander,,,,,,Unknown,,,
1641998,Trey Jemison III,Trey,Jemison III,,,,,,Unknown,,,
1630530,Trey Murphy III,Trey,Murphy III,,,,,,Unknown,,,
1642400,Tristan Enaruna,Tristan,Enaruna,,,,,,Unknown,,,
1641774,Tristan Vukcevic,Tristan,Vukcevic,,,,,,Unknown,,,
1641783,Tristan da Silva,Tristan,da Silva,,,,,,Unknown,,,
1641803,Tristen Newton,Tristen,Newton,,,,,,Unknown,,,
1629660,Ty Jerome,Ty,Jerome,,,,,,Unknown,,,
1631102,TyTy Washington Jr.,TyTy,Washington Jr.,,,,,,Unknown,,,
1631174,Tyler Burton,Tyler,Burton,,,,,,Unknown,,,
1629639,Tyler Herro,Tyler,Herro,,,,,,Unknown,,,
1642278,Tyler Kolek,Tyler,Kolek,,,,,,Unknown,,,
1641890,Tyler Smith,Tyler,Smith,,,,,,Unknown,,,
1630169,Tyrese Haliburton,Tyrese,Haliburton,,,,,,Unknown,,,
1631213,Tyrese Martin,Tyrese,Martin,,,,,,Unknown,,,
1630178,Tyrese Maxey,Tyrese,Maxey,,,,,,Unknown,,,
1642878,Tyrese Proctor,Tyrese,Proctor,,,,,,Unknown,,,
1642487,Tyrese Samuel,Tyrese,Samuel,,,,,,Unknown,,,
1630623,Tyson Etienne,Tyson,Etienne,,,,,,Unknown,,,
1626145,Tyus Jones,Tyus,Jones,,,,,,Unknown,,,
1642279,Ulrich Chomche,Ulrich,Chomche,,NBA Global Academy,Cameroon,83.0,235.0,Unknown,2024.0,2.0,57.0
1642845,VJ Edgecombe,VJ,Edgecombe,,,,,,Unknown,,,
1641705,Victor Wembanyama,Victor,Wembanyama,,,,,,Unknown,,,
1631246,Vince Williams Jr.,Vince,Williams Jr.,,,,,,Unknown,,,
1630249,Vit Krejci,Vit,Krejci,,,,,,Unknown,,,
1642884,Vladislav Goldin,Vladislav,Goldin,,,,,,Unknown,,,
1631117,Walker Kessler,Walker,Kessler,,,,,,Unknown,,,
1642383,Walter Clayton Jr.,Walter,Clayton Jr.,,,,,,Unknown,,,
1628976,Wendell Carter Jr.,Wendell,Carter Jr.,,,,,,Unknown,,,
1631111,Wendell Moore Jr.,Wendell,Moore Jr.,,,,,,Unknown,,,
1642954,Will Richard,Will,Richard,,,,,,Unknown,,,
1642860,Will Riley,Will,Riley,,,,,,Unknown,,,
1630214,Xavier Tillman,Xavier,Tillman,,,,,,Unknown,,,
1642949,Yanic Konan Niederhauser,Yanic Konan,Niederhauser,,,,,,Unknown,,,
1642530,Yuki Kawamura,Yuki,Kawamura,,,,,,Unknown,,,
1642274,Yves Missi,Yves,Missi,,,,,,Unknown,,,
1642258,Zaccharie Risacher,Zaccharie,Risacher,,,,,,Unknown,,,
1628380,Zach Collins,Zach,Collins,,,,,,Unknown,,,
1641744,Zach Edey,Zach,Edey,,Purdue,Canada,87.0,305.0,Unknown,2024.0,1.0,9.0
203897,Zach LaVine,Zach,LaVine,,,,,,Unknown,,,
1643113,Zack Austin,Zack,Austin,,,,,,Unknown,,,
1630192,Zeke Nnaji,Zeke,Nnaji,,,,,,Unknown,,,
1630533,Ziaire Williams,Ziaire,Williams,,,,,,Unknown,,,
1629627,Zion Williamson,Zion,Williamson,,,,,,Unknown,,,
1642389,Zyon Pullin,Zyon,Pullin,,,,,,Unknown,,,
